season_year,teamTricode,minutes,fieldGoalsMade,fieldGoalsAttempted,fieldGoalsPercentage,threePointersMade,threePointersAttempted,threePointersPercentage,freeThrowsMade,freeThrowsAttempted,freeThrowsPercentage,reboundsOffensive,reboundsDefensive,reboundsTotal,assists,steals,blocks,turnovers,foulsPersonal,points,plusMinusPoints,gamesPlayed
2011,ATL,240.6,36.2,78.4,46.2,6.1,17.4,35.2,16.4,21.1,77.9,9.3,30.0,39.3,22.0,6.1,4.2,12.8,19.0,95.0,-4.1,82
2011,BOS,241.2,36.9,75.8,48.6,5.0,13.6,36.5,17.8,23.1,77.0,7.8,31.0,38.8,23.4,8.2,4.2,13.6,20.5,96.5,26.8,82
2011,CHA,241.5,35.0,77.6,45.1,4.8,14.7,32.7,18.4,24.4,75.6,10.3,29.8,40.1,21.1,6.4,5.3,13.7,20.0,93.3,-20.0,82
2011,CHI,241.8,37.1,80.3,46.2,6.2,17.3,36.1,18.2,24.5,74.3,11.8,32.4,44.2,22.3,7.2,5.7,13.5,20.0,98.6,36.6,82
2011,CLE,240.9,35.2,81.1,43.4,6.2,18.2,34.2,18.9,25.3,74.5,10.4,29.9,40.3,21.0,6.6,4.2,13.7,20.1,95.5,-45.1,82
2011,DAL,240.3,37.4,78.8,47.5,7.9,21.6,36.5,17.5,22.6,77.7,9.5,31.9,41.4,23.8,6.8,4.3,13.5,19.2,100.2,21.2,82
2011,DEN,240.3,38.4,80.6,47.6,8.1,20.8,38.8,22.7,29.6,76.5,9.6,32.3,42.0,22.1,7.4,4.3,13.8,21.0,107.5,23.8,82
2011,DET,242.4,37.3,81.1,46.0,5.8,15.3,37.6,16.7,22.6,73.7,11.4,27.3,38.6,21.1,7.3,4.0,12.2,19.9,97.0,-18.0,82
2011,GSW,241.8,39.6,85.9,46.1,8.4,21.3,39.2,15.7,20.7,76.1,11.6,28.9,40.5,22.5,9.0,5.0,14.1,22.0,103.4,-11.6,82
2011,HOU,242.4,38.7,85.1,45.4,8.3,22.5,36.7,20.3,25.4,80.1,11.7,31.1,42.8,23.8,7.1,4.5,12.8,20.0,105.9,10.9,82
2011,IND,241.2,36.6,82.8,44.2,7.1,20.2,35.4,19.4,24.8,78.2,11.1,32.4,43.5,19.6,7.1,5.6,14.8,21.7,99.8,-5.4,82
2011,LAC,242.1,36.8,80.4,45.7,6.3,18.5,33.8,18.9,26.7,70.7,11.6,30.5,42.1,22.1,7.1,4.9,15.5,21.1,98.6,-15.7,82
2011,LAL,241.8,38.1,82.4,46.3,6.4,18.1,35.2,18.8,24.1,77.9,12.1,31.9,44.0,22.0,7.3,5.1,12.6,19.0,101.5,30.5,82
2011,MEM,242.4,39.0,82.9,47.1,3.8,11.3,33.4,18.1,24.2,75.0,11.8,29.2,41.0,20.6,9.4,5.4,13.4,20.8,99.9,11.7,82
2011,MIA,241.2,37.0,76.8,48.1,6.7,18.0,37.0,21.5,27.9,76.9,9.6,32.5,42.1,20.0,6.6,5.2,13.2,20.4,102.1,37.3,82
2011,MIL,241.8,34.3,79.8,43.0,5.9,17.2,34.2,17.4,22.9,75.7,10.5,30.2,40.8,18.8,7.5,4.9,12.5,20.5,91.9,-4.2,82
2011,MIN,241.2,37.7,85.5,44.1,7.2,19.1,37.6,18.5,24.1,76.8,13.2,31.2,44.4,20.1,7.2,5.1,16.5,22.3,101.1,-33.2,82
2011,NJN,244.0,35.6,81.0,44.0,5.6,16.3,34.3,17.4,22.9,75.9,11.1,29.8,40.8,21.0,5.6,4.7,13.0,22.0,94.2,-31.2,82
2011,NOH,241.8,35.9,78.2,45.9,5.4,15.0,36.0,17.7,23.1,76.5,10.0,30.1,40.1,20.6,7.6,4.4,12.2,21.0,94.9,4.5,82
2011,NYK,241.2,38.3,83.7,45.7,9.3,25.4,36.8,20.6,25.5,80.9,10.3,30.1,40.5,21.4,7.6,5.8,13.3,21.3,106.5,3.9,82
2011,OKC,244.0,37.4,80.6,46.4,5.9,17.1,34.7,24.1,29.3,82.3,11.0,31.8,42.8,20.4,8.0,5.9,13.5,22.4,104.8,19.0,82
2011,ORL,241.8,36.0,78.2,46.1,9.4,25.6,36.6,17.7,25.6,69.2,10.5,32.7,43.2,20.0,6.7,4.7,14.4,20.0,99.2,27.3,82
2011,PHI,243.1,38.1,82.6,46.1,5.4,15.2,35.5,17.4,22.6,77.0,10.4,31.4,41.8,22.7,7.6,4.3,12.2,19.4,99.0,7.5,82
2011,PHX,244.0,39.3,83.5,47.0,8.5,22.6,37.7,18.0,23.6,75.9,10.0,30.2,40.2,23.7,6.6,4.4,13.6,20.3,105.0,-4.5,82
2011,POR,241.5,36.0,80.5,44.7,6.3,18.3,34.5,18.0,22.4,80.4,12.1,27.2,39.3,21.2,8.0,4.4,12.4,19.3,96.3,7.6,82
2011,SAC,242.1,38.2,85.1,44.9,5.2,15.6,33.5,17.7,24.2,73.4,13.1,30.8,43.9,20.4,7.4,4.8,15.6,22.0,99.4,-26.7,82
2011,SAS,241.2,38.4,80.8,47.5,8.4,21.1,39.7,18.5,24.2,76.7,10.1,31.7,41.9,22.4,7.3,4.5,12.9,19.0,103.7,28.5,82
2011,TOR,241.2,38.3,82.4,46.5,4.2,13.3,31.6,18.2,24.1,75.5,11.7,28.6,40.3,21.9,7.1,4.3,14.0,22.0,99.1,-31.4,82
2011,UTA,242.4,37.4,80.4,46.5,5.3,15.3,34.6,19.4,25.1,77.1,11.0,28.5,39.5,23.4,7.7,5.9,13.6,22.7,99.4,-9.1,82
2011,WAS,243.1,37.2,84.0,44.3,4.8,14.4,33.2,18.2,24.4,74.5,12.4,29.0,41.3,19.4,8.1,6.1,14.7,22.6,97.3,-37.0,82
2012,ATL,244.9,36.8,81.0,45.4,7.5,20.2,37.0,15.5,21.0,74.0,9.9,31.3,41.2,22.4,8.1,4.6,13.3,17.8,96.6,17.2,66
2012,BOS,241.5,35.5,77.1,46.0,5.5,15.0,36.7,15.4,19.8,77.8,7.7,31.1,38.8,23.6,7.5,5.5,14.1,19.9,91.8,12.6,66
2012,CHA,240.8,33.2,80.2,41.4,4.0,13.5,29.5,16.5,22.2,74.6,10.3,28.7,39.0,20.1,6.0,5.5,13.6,18.9,87.0,-69.5,66
2012,CHI,241.5,37.4,82.8,45.2,6.3,16.9,37.5,15.2,21.1,72.2,13.9,32.8,46.7,23.1,6.9,5.9,13.4,17.3,96.3,40.9,66
2012,CLE,241.9,34.3,81.2,42.2,6.7,19.3,34.6,17.8,24.9,71.6,12.7,29.5,42.3,19.8,7.1,4.0,14.6,20.0,93.0,-36.0,66
2012,DAL,243.4,36.3,82.0,44.3,7.5,22.2,33.9,15.6,20.2,77.1,10.1,32.7,42.8,20.9,8.6,5.1,13.5,18.6,95.8,4.8,66
2012,DEN,243.0,39.0,81.9,47.6,6.6,19.9,33.2,19.6,26.7,73.5,11.2,31.9,43.1,24.0,8.2,5.0,15.0,19.7,104.1,14.4,66
2012,DET,241.9,34.7,79.3,43.8,4.8,13.9,34.6,16.6,22.1,75.2,11.7,28.5,40.3,18.7,7.0,4.2,14.6,19.6,90.9,-23.9,66
2012,GSW,241.1,37.7,82.5,45.7,7.9,20.5,38.8,14.4,18.7,77.0,9.7,29.5,39.2,22.3,8.0,5.5,13.4,21.4,97.8,-17.0,66
2012,HOU,243.4,37.7,84.0,44.9,7.2,20.2,35.9,15.4,19.7,78.2,11.7,30.5,42.2,21.3,7.5,4.8,13.8,20.4,98.1,1.1,66
2012,IND,242.3,35.7,81.4,43.8,5.9,16.1,36.8,20.4,26.1,78.2,12.5,31.4,43.9,18.6,7.9,5.4,13.2,21.7,97.7,16.5,66
2012,LAC,241.9,37.0,81.3,45.5,7.8,21.8,35.7,15.8,23.3,68.0,12.1,29.4,41.6,21.0,8.4,4.8,12.4,21.2,97.5,12.8,66
2012,LAL,243.4,36.8,80.6,45.7,5.5,16.8,32.6,18.2,24.1,75.6,12.1,34.1,46.2,22.5,5.9,5.3,14.5,16.8,97.3,7.1,66
2012,MEM,241.5,36.7,82.2,44.7,4.2,12.9,32.6,17.3,22.8,75.9,12.6,29.5,42.0,19.5,9.6,5.2,13.9,19.9,95.0,10.1,66
2012,MIA,243.0,37.1,79.0,46.9,5.6,15.6,35.9,18.8,24.2,77.5,10.4,31.2,41.6,20.0,8.9,5.4,14.7,19.4,98.5,29.9,66
2012,MIL,240.4,37.9,85.6,44.3,6.6,19.2,34.5,16.6,21.4,77.4,12.4,30.0,42.5,23.5,8.3,5.1,13.7,19.3,99.0,1.4,66
2012,MIN,241.5,35.7,82.3,43.3,7.2,21.6,33.2,19.4,25.2,77.1,12.1,31.7,43.7,19.5,6.6,4.4,14.7,18.4,97.9,-11.0,66
2012,NJN,240.8,34.3,80.6,42.5,7.7,22.4,34.2,16.9,21.7,77.7,11.9,28.5,40.3,19.9,7.5,3.9,14.3,19.2,93.1,-29.9,66
2012,NOH,241.5,34.8,77.3,45.1,3.9,11.8,33.3,16.0,21.2,75.7,11.0,30.2,41.1,20.7,7.4,4.8,14.6,20.1,89.6,-18.8,66
2012,NYK,241.5,35.8,80.8,44.3,7.8,23.3,33.6,18.3,24.8,74.1,11.3,30.5,41.7,20.1,9.4,4.2,15.3,21.1,97.8,16.0,66
2012,OKC,242.3,37.3,79.2,47.1,7.2,20.0,35.8,21.3,26.4,80.6,11.0,32.7,43.7,18.5,7.5,8.2,16.0,20.5,103.1,30.6,66
2012,ORL,241.9,34.5,78.2,44.1,10.2,27.0,37.5,15.1,22.8,66.0,11.2,31.2,42.5,20.0,6.8,4.2,14.1,17.7,94.2,3.9,66
2012,PHI,241.1,37.4,83.6,44.8,5.3,14.6,36.2,13.5,18.2,74.2,10.7,32.5,43.2,22.0,8.0,5.2,10.7,17.5,93.6,21.2,66
2012,PHX,240.0,37.8,82.5,45.8,6.7,19.6,34.3,16.0,21.2,75.7,10.9,30.8,41.7,22.5,6.5,5.5,13.5,18.7,98.4,-1.2,66
2012,POR,241.9,36.4,82.1,44.3,7.2,20.9,34.6,17.2,21.6,79.6,11.1,29.5,40.7,20.4,8.0,4.9,13.8,19.0,97.2,-3.1,66
2012,SAC,241.1,37.7,86.5,43.6,6.2,19.7,31.6,17.1,23.2,73.6,13.4,29.5,42.9,19.3,8.5,4.9,13.8,19.5,98.8,-28.4,66
2012,SAS,241.5,39.6,82.8,47.8,8.4,21.3,39.3,16.2,21.6,74.8,10.3,32.6,43.0,23.2,7.4,4.4,13.2,17.3,103.7,35.8,66
2012,TOR,241.9,34.4,78.1,44.0,5.5,16.3,34.0,16.4,21.4,77.0,10.6,31.4,42.0,20.9,6.5,4.9,14.5,23.2,90.7,-16.5,66
2012,UTA,244.9,38.2,83.8,45.6,4.1,12.8,32.3,19.1,25.3,75.4,13.0,31.1,44.2,21.8,8.3,5.8,13.6,21.8,99.7,3.1,66
2012,WAS,240.4,36.6,83.0,44.1,5.2,16.3,32.0,15.3,21.0,72.7,11.7,29.9,41.7,19.1,8.0,6.3,14.6,21.3,93.6,-24.0,66
2013,ATL,242.1,37.6,81.0,46.4,8.6,23.2,37.1,14.1,19.7,71.5,9.2,31.6,40.9,24.5,8.1,4.5,14.3,18.0,98.0,2.0,82
2013,BKN,242.1,35.9,79.8,45.0,7.7,21.5,35.7,17.5,23.9,73.1,12.8,30.0,42.8,20.3,7.3,4.8,13.9,18.3,96.9,8.9,82
2013,BOS,244.9,37.0,79.7,46.5,6.1,17.2,35.8,16.3,21.0,77.6,8.1,31.3,39.3,22.8,8.2,4.5,13.9,21.2,96.5,-1.1,81
2013,CHA,241.5,34.4,81.1,42.5,5.7,17.1,33.5,18.9,25.1,75.0,11.2,29.1,40.3,19.4,7.2,5.8,13.1,19.0,93.4,-46.2,82
2013,CHI,241.8,35.7,81.7,43.7,5.4,15.4,35.3,16.4,21.2,77.3,12.5,30.7,43.2,23.0,7.2,5.1,13.7,19.7,93.2,1.6,82
2013,CLE,240.6,36.5,84.2,43.4,6.7,19.3,34.6,16.8,22.3,75.6,12.2,28.8,41.0,20.7,7.9,4.1,13.4,21.2,96.5,-23.4,82
2013,DAL,243.7,38.8,84.0,46.2,7.4,19.9,37.2,16.1,20.4,79.3,9.4,32.6,41.9,23.2,7.9,5.5,13.5,20.7,101.1,-3.0,82
2013,DEN,242.7,40.7,85.2,47.8,6.4,18.5,34.3,18.4,26.2,70.1,13.3,31.7,45.0,24.4,9.3,6.5,14.7,20.5,106.1,25.4,82
2013,DET,241.5,36.3,81.0,44.9,6.3,17.6,35.6,15.9,22.8,69.9,12.1,30.0,42.1,21.2,7.0,4.9,14.6,19.8,94.9,-19.9,82
2013,GSW,241.5,38.2,83.4,45.8,8.0,19.9,40.3,16.8,21.3,79.0,10.8,34.2,45.0,22.5,6.9,4.2,14.8,21.4,101.2,4.5,82
2013,HOU,241.2,38.1,82.7,46.1,10.6,28.9,36.6,19.2,25.5,75.4,11.1,32.3,43.4,23.2,8.3,4.4,15.8,20.3,106.0,17.4,82
2013,IND,241.9,35.1,80.6,43.6,6.9,19.7,34.7,17.6,23.6,74.6,12.9,33.0,45.9,20.3,7.2,6.3,14.5,20.0,94.7,20.1,81
2013,LAC,240.6,38.5,80.6,47.8,7.6,21.4,35.8,16.4,23.0,71.1,11.4,30.2,41.6,23.9,9.6,5.6,13.8,20.9,101.1,32.3,82
2013,LAL,240.9,37.1,81.0,45.8,8.7,24.6,35.5,19.3,27.9,69.2,11.5,33.3,44.8,22.2,7.0,5.2,14.6,17.9,102.2,5.8,82
2013,MEM,241.5,36.1,81.5,44.4,4.7,13.5,34.5,16.5,21.3,77.3,12.9,29.8,42.7,20.9,8.6,5.3,13.2,20.2,93.4,20.7,82
2013,MIA,242.4,38.4,77.4,49.6,8.7,22.1,39.6,17.4,23.0,75.4,8.2,30.4,38.6,23.0,8.7,5.4,13.3,18.7,102.9,39.3,82
2013,MIL,241.8,38.1,87.8,43.5,7.3,20.4,36.0,15.3,20.7,73.6,13.0,30.9,44.0,22.9,8.4,6.7,13.6,19.0,98.9,-7.5,82
2013,MIN,240.6,35.9,81.7,43.9,5.5,18.0,30.5,18.5,24.9,74.2,11.9,30.2,42.0,22.4,8.5,4.7,14.1,18.4,95.7,-11.8,82
2013,NOH,241.2,36.0,80.4,44.8,6.5,18.0,36.3,15.5,20.0,77.6,12.0,29.6,41.6,21.0,6.3,5.4,13.7,20.4,94.1,-19.3,82
2013,NYK,240.6,36.5,81.6,44.8,10.9,28.9,37.6,16.0,21.1,75.9,10.9,29.7,40.6,19.3,8.2,3.6,11.6,20.1,100.0,21.2,82
2013,OKC,241.8,38.1,79.3,48.1,7.3,19.4,37.7,22.2,26.8,82.8,10.4,33.2,43.6,21.4,8.3,7.6,14.6,20.2,105.7,46.0,82
2013,ORL,241.2,37.7,84.2,44.8,6.2,18.7,32.9,12.5,16.6,75.5,10.9,31.9,42.7,22.8,6.4,4.4,14.0,19.4,94.1,-34.9,82
2013,PHI,240.9,37.3,84.1,44.4,6.3,17.5,36.0,12.2,16.8,72.9,10.9,30.4,41.3,22.8,7.4,4.7,12.6,18.4,93.2,-16.7,82
2013,PHX,241.5,37.3,84.4,44.3,5.9,17.7,33.0,14.7,19.7,74.4,11.7,29.9,41.6,22.6,8.0,5.3,14.9,20.6,95.2,-32.3,82
2013,POR,242.1,36.7,81.9,44.8,8.2,23.2,35.3,15.9,20.5,77.6,10.7,30.2,40.8,21.8,6.6,4.3,14.2,18.5,97.5,-15.9,82
2013,SAC,241.8,37.6,84.2,44.7,7.4,20.5,36.3,17.5,22.8,76.9,11.5,29.1,40.6,20.8,8.2,4.2,14.0,20.9,100.2,-24.4,82
2013,SAS,242.4,39.1,81.4,48.1,8.1,21.5,37.6,16.6,21.0,79.1,8.1,33.2,41.3,25.1,8.5,5.4,14.1,17.4,103.0,32.0,82
2013,TOR,243.7,36.3,81.5,44.6,7.0,20.3,34.3,17.6,22.3,78.8,10.6,29.6,40.2,21.5,7.3,4.8,13.2,22.4,97.2,-7.4,82
2013,UTA,242.4,37.1,81.8,45.4,6.2,16.9,36.6,17.5,23.0,76.4,12.1,30.0,42.0,22.7,8.4,6.3,14.2,21.3,98.0,-0.4,82
2013,WAS,242.1,35.5,81.6,43.5,6.6,18.2,36.5,15.6,21.3,73.3,10.8,32.3,43.2,21.6,7.3,4.6,14.6,20.5,93.2,-12.7,82
2014,ATL,241.8,37.3,81.6,45.8,9.4,25.8,36.3,17.0,21.7,78.1,8.7,31.3,40.0,24.9,8.3,4.0,14.5,19.2,101.0,-2.4,82
2014,BKN,242.4,35.7,77.9,45.9,8.6,23.4,36.9,18.4,24.4,75.3,8.8,29.4,38.1,20.9,8.6,3.8,14.0,21.7,98.5,-5.0,82
2014,BOS,240.6,36.5,83.9,43.5,7.0,21.1,33.3,16.2,20.8,77.7,12.0,30.5,42.5,21.0,7.1,4.2,14.4,21.3,96.2,-22.3,82
2014,CHA,242.7,36.3,82.1,44.2,6.3,17.9,35.1,18.0,24.4,73.7,9.5,33.2,42.7,21.7,6.1,5.1,11.6,18.2,96.9,-1.1,82
2014,CHI,243.1,34.7,80.2,43.2,6.2,17.8,34.8,18.1,23.3,77.9,11.4,32.7,44.1,22.7,7.2,5.2,14.0,19.1,93.7,9.3,82
2014,CLE,243.1,37.0,84.8,43.7,7.1,20.0,35.6,17.0,22.7,75.1,12.1,32.1,44.1,21.2,7.1,3.7,13.5,20.0,98.2,-16.5,82
2014,DAL,241.8,39.6,83.6,47.4,8.8,22.9,38.4,16.8,21.1,79.5,10.2,30.7,40.9,23.6,8.6,4.3,13.2,20.0,104.8,12.0,82
2014,DEN,240.9,38.4,85.9,44.7,8.6,23.9,35.8,19.1,26.3,72.6,12.3,33.1,45.4,22.4,7.5,5.6,15.4,23.0,104.4,-10.7,82
2014,DET,241.2,38.8,86.9,44.7,6.2,19.3,32.1,17.3,25.7,67.0,14.6,30.8,45.4,20.9,8.4,4.8,13.9,20.3,101.0,-18.3,82
2014,GSW,241.8,39.5,85.4,46.2,9.4,24.8,38.0,15.9,21.1,75.3,10.9,34.4,45.3,23.3,7.8,5.0,14.9,21.8,104.3,24.0,82
2014,HOU,241.8,38.0,80.5,47.2,9.5,26.6,35.8,22.1,31.1,71.2,11.2,34.1,45.3,21.4,7.6,5.6,15.4,20.4,107.7,22.8,82
2014,IND,241.2,36.0,80.2,44.9,6.7,18.8,35.7,18.1,23.3,77.9,10.2,34.5,44.7,20.1,6.7,5.4,14.5,20.4,96.7,22.0,82
2014,LAC,240.9,39.1,82.5,47.4,8.5,24.0,35.2,21.2,29.1,73.0,10.5,32.5,43.0,24.6,8.6,4.8,13.3,21.5,107.9,34.9,82
2014,LAL,240.3,38.3,85.1,45.0,9.4,24.8,38.1,17.0,22.4,75.7,9.1,32.0,41.0,24.5,7.5,5.4,14.8,19.8,103.0,-31.5,82
2014,MEM,241.5,38.1,82.0,46.4,4.9,14.0,35.3,15.1,20.3,74.1,11.6,30.8,42.4,21.9,7.7,4.6,12.9,19.1,96.1,7.9,82
2014,MIA,242.4,38.3,76.5,50.1,8.1,22.3,36.4,17.5,23.0,76.0,7.6,29.2,36.9,22.5,8.9,4.5,14.2,19.5,102.2,23.8,82
2014,MIL,242.4,36.0,82.2,43.8,6.7,18.9,35.3,16.8,22.5,74.7,11.8,29.3,41.1,21.5,6.6,4.9,14.3,20.9,95.5,-40.9,82
2014,MIN,242.1,38.9,87.5,44.4,7.3,21.4,34.1,21.8,28.1,77.8,12.5,32.2,44.7,23.9,8.8,3.6,13.5,18.3,106.9,13.4,82
2014,NOP,242.1,37.8,82.5,45.9,5.9,15.9,37.3,18.2,23.6,76.9,11.4,30.3,41.7,21.3,7.9,6.4,13.0,22.6,99.7,-13.5,82
2014,NYK,242.1,36.9,82.2,44.9,9.3,24.9,37.2,15.5,20.4,76.1,10.6,29.7,40.3,20.0,7.7,4.5,12.4,22.1,98.6,-4.0,82
2014,OKC,241.5,39.0,82.7,47.1,8.1,22.4,36.1,20.2,25.0,80.6,10.8,33.9,44.7,21.9,8.3,6.1,14.8,22.7,106.2,31.7,82
2014,ORL,243.4,36.9,82.7,44.5,6.9,19.5,35.3,15.9,20.9,76.3,9.7,32.4,42.0,21.0,7.7,4.3,14.2,20.5,96.5,-27.2,82
2014,PHI,242.1,37.9,87.2,43.5,7.0,22.5,31.2,16.6,23.4,71.0,11.6,31.2,42.7,21.8,9.3,4.0,16.4,22.5,99.5,-52.3,82
2014,PHX,240.9,38.7,83.5,46.3,9.3,25.1,37.2,18.5,24.4,75.8,11.3,31.7,43.0,19.1,8.4,4.6,14.8,21.9,105.2,13.2,82
2014,POR,242.1,39.1,87.0,45.0,9.4,25.3,37.2,19.1,23.5,81.5,12.5,34.0,46.4,23.2,5.5,4.7,13.3,19.2,106.7,19.9,82
2014,SAC,241.8,36.9,82.5,44.7,6.0,18.0,33.3,20.7,27.3,75.9,12.1,32.4,44.5,18.9,7.2,3.9,14.7,22.5,100.5,-14.5,82
2014,SAS,240.9,40.6,83.5,48.6,8.5,21.4,39.7,15.7,20.0,78.5,9.3,34.0,43.3,25.2,7.4,5.1,14.1,18.2,105.4,38.6,82
2014,TOR,243.4,36.5,81.9,44.5,8.7,23.4,37.2,19.6,25.1,78.2,11.4,31.1,42.5,21.2,7.0,4.2,13.4,23.0,101.3,16.2,82
2014,UTA,241.2,36.0,81.1,44.4,6.6,19.2,34.4,16.4,22.0,74.7,11.0,30.2,41.2,20.3,7.0,4.5,14.0,20.7,95.0,-35.9,82
2014,WAS,244.6,38.7,84.4,45.9,7.9,20.8,38.0,15.3,20.9,73.1,10.8,31.4,42.2,23.3,8.1,4.6,14.1,20.4,100.7,6.3,82
2015,ATL,240.6,38.1,81.7,46.6,10.0,26.2,38.0,16.5,21.2,77.8,8.7,31.8,40.6,25.7,9.1,4.6,13.5,17.8,102.5,27.1,82
2015,BKN,243.1,37.4,83.0,45.1,6.6,19.9,33.1,16.6,22.2,74.8,10.3,32.0,42.4,20.9,7.0,4.1,13.4,19.3,98.0,-14.4,82
2015,BOS,242.4,38.9,87.9,44.3,8.0,24.6,32.7,15.4,20.5,75.4,11.1,32.7,43.8,24.5,8.2,3.6,13.3,21.2,101.4,0.8,82
2015,CHA,242.7,35.5,84.5,42.0,6.1,19.1,31.8,17.0,22.8,74.8,10.0,34.1,44.1,20.2,6.1,5.5,11.2,18.2,94.2,-15.9,82
2015,CHI,242.4,36.6,82.9,44.2,7.9,22.3,35.3,19.7,25.2,78.3,11.7,34.0,45.7,21.7,6.3,5.8,13.2,18.2,100.8,15.0,82
2015,CLE,241.2,37.7,82.2,45.8,10.1,27.5,36.7,17.7,23.6,75.1,11.1,31.9,43.0,22.1,7.4,4.1,13.6,18.4,103.1,22.4,82
2015,DAL,242.4,39.7,85.8,46.3,8.9,25.4,35.2,16.9,22.5,75.2,10.5,31.8,42.3,22.5,8.1,4.5,12.5,20.0,105.2,14.5,82
2015,DEN,242.4,37.8,87.3,43.3,8.0,24.8,32.5,17.8,24.3,73.4,12.3,32.4,44.7,21.8,7.8,4.5,13.8,23.0,101.5,-17.7,82
2015,DET,241.8,37.1,85.8,43.2,8.6,24.9,34.4,15.8,22.4,70.3,12.8,32.1,44.9,21.6,7.6,4.7,12.6,19.0,98.5,-5.0,82
2015,GSW,240.6,41.6,87.0,47.8,10.8,27.0,39.8,16.0,20.8,76.8,10.4,34.3,44.7,27.4,9.3,6.0,14.1,19.9,110.0,50.5,82
2015,HOU,241.5,37.0,83.3,44.4,11.4,32.7,34.8,18.6,26.0,71.5,11.7,32.0,43.7,22.2,9.5,5.0,15.9,22.0,103.9,17.2,82
2015,IND,242.1,36.6,83.2,43.9,7.5,21.2,35.2,16.7,22.2,75.6,10.4,34.4,44.9,21.4,6.2,4.6,13.3,21.2,97.3,1.4,82
2015,LAC,240.6,39.4,83.3,47.3,10.1,26.9,37.6,17.9,25.2,71.0,9.6,33.1,42.6,24.8,7.8,5.0,11.8,21.3,106.7,32.9,82
2015,LAL,243.1,37.2,85.6,43.5,6.5,18.9,34.4,17.5,23.6,74.1,11.6,32.3,43.9,20.9,7.0,4.5,12.6,21.2,98.5,-34.2,82
2015,MEM,242.7,37.8,82.5,45.8,5.2,15.2,33.9,17.6,22.8,77.3,10.4,32.1,42.6,21.7,8.5,4.2,13.0,19.1,98.3,16.2,82
2015,MIA,240.6,35.2,77.2,45.6,6.8,20.2,33.5,17.5,23.7,74.1,9.1,30.0,39.1,19.8,7.8,4.5,13.9,20.0,94.7,-13.0,82
2015,MIL,243.1,37.6,82.0,45.9,6.6,18.3,36.3,16.0,21.1,75.7,10.7,31.4,42.1,23.6,9.6,4.9,16.0,22.1,97.8,2.1,82
2015,MIN,241.5,36.4,83.2,43.8,5.0,14.9,33.2,20.0,25.7,77.6,11.6,29.3,40.9,21.6,8.1,4.0,14.3,19.2,97.8,-44.0,82
2015,NOP,241.2,37.9,82.9,45.7,7.1,19.3,37.0,16.4,21.8,75.1,11.5,32.0,43.5,22.0,6.7,6.2,12.6,18.7,99.4,4.0,82
2015,NYK,242.1,35.1,82.0,42.8,6.8,19.7,34.7,14.8,19.2,76.9,10.6,29.8,40.4,21.3,7.0,4.7,13.8,21.6,91.9,-46.6,82
2015,OKC,241.8,38.8,86.8,44.7,7.7,22.7,33.9,18.6,24.6,75.4,12.8,34.7,47.5,20.5,7.3,5.5,14.0,22.3,104.0,10.9,82
2015,ORL,240.9,37.5,82.8,45.3,6.8,19.5,34.7,13.9,19.1,72.9,10.0,31.8,41.8,20.6,7.9,3.8,14.3,20.9,95.7,-28.6,82
2015,PHI,241.5,33.7,82.6,40.8,8.4,26.3,32.0,16.1,23.8,67.6,11.9,30.9,42.9,20.5,9.6,5.9,16.9,21.7,92.0,-44.9,82
2015,PHX,242.4,38.8,85.8,45.2,8.5,25.0,34.1,16.4,21.5,76.0,10.9,32.2,43.2,20.2,8.5,4.7,14.5,21.3,102.4,-4.5,82
2015,POR,242.1,38.7,86.0,45.0,9.8,27.2,36.2,15.5,19.4,80.1,10.7,35.1,45.9,21.9,6.4,4.5,13.3,18.2,102.8,21.2,82
2015,SAC,242.1,36.7,80.7,45.5,5.6,16.5,34.1,22.3,29.3,76.2,10.9,33.3,44.2,20.3,6.7,4.0,15.6,20.7,101.3,-18.5,82
2015,SAS,243.4,39.1,83.6,46.8,8.3,22.5,36.7,16.7,21.4,78.0,9.8,33.8,43.6,24.4,8.0,5.4,13.5,19.1,103.2,31.0,82
2015,TOR,242.1,37.9,83.3,45.5,8.9,25.1,35.2,19.3,24.6,78.7,10.7,30.8,41.5,20.7,7.5,4.4,12.2,20.9,104.0,15.4,82
2015,UTA,240.3,35.4,79.2,44.7,7.4,21.7,34.3,17.0,23.5,72.1,12.0,31.9,44.0,19.9,7.6,6.0,14.2,19.3,95.1,1.1,82
2015,WAS,243.4,38.3,82.8,46.2,6.1,16.8,36.0,15.9,21.4,74.2,10.5,34.2,44.7,24.0,7.3,4.6,14.4,20.8,98.5,3.6,82
2016,ATL,241.8,38.6,84.4,45.8,9.9,28.4,35.0,15.6,20.0,78.3,8.3,33.8,42.1,25.6,9.1,5.9,14.5,19.1,102.8,18.0,82
2016,BKN,240.9,38.2,84.4,45.3,6.5,18.4,35.2,15.7,20.7,75.7,10.5,31.9,42.4,22.3,7.6,4.0,14.3,18.0,98.6,-36.8,82
2016,BOS,241.2,39.2,89.2,43.9,8.7,26.1,33.5,18.5,23.5,78.8,11.6,33.3,44.9,24.2,9.2,4.2,13.5,21.9,105.7,16.0,82
2016,CHA,242.1,37.0,84.4,43.9,10.6,29.4,36.2,18.7,23.7,79.0,9.0,35.0,43.9,21.7,7.3,5.3,11.9,18.1,103.4,13.6,82
2016,CHI,242.7,38.6,87.4,44.1,7.9,21.4,37.1,16.5,21.0,78.7,11.1,35.2,46.3,22.8,6.0,5.7,13.3,18.8,101.6,-7.4,82
2016,CLE,242.1,38.7,84.0,46.0,10.7,29.6,36.2,16.3,21.7,74.8,10.6,33.9,44.5,22.7,6.7,3.9,12.9,20.3,104.3,30.0,82
2016,DAL,244.0,37.4,84.1,44.4,9.8,28.6,34.4,17.7,22.3,79.4,9.2,33.9,43.1,22.1,6.8,3.7,12.3,19.5,102.3,-1.5,82
2016,DEN,241.8,37.7,85.4,44.2,8.0,23.7,33.8,18.5,24.1,76.6,11.5,33.1,44.6,22.7,7.4,4.8,14.2,21.0,101.9,-15.5,82
2016,DET,242.4,37.9,86.4,43.9,9.0,26.2,34.5,17.1,25.5,66.8,12.5,33.9,46.3,19.4,7.0,3.7,13.0,19.0,102.0,3.0,82
2016,GSW,242.4,42.5,87.3,48.7,13.1,31.6,41.6,16.7,21.8,76.3,10.0,36.2,46.2,28.9,8.4,6.1,14.9,20.7,114.9,53.8,82
2016,HOU,241.8,37.7,83.5,45.2,10.7,30.9,34.7,20.4,29.4,69.4,11.3,31.7,43.1,22.2,10.0,5.2,15.2,21.8,106.5,1.0,82
2016,IND,242.4,38.3,85.2,45.0,8.1,23.0,35.1,17.4,22.8,76.4,10.3,33.9,44.2,21.2,9.0,4.8,14.3,20.0,102.2,8.5,82
2016,LAC,241.8,38.3,82.4,46.5,9.7,26.7,36.4,18.2,26.2,69.2,8.8,33.3,42.0,22.8,8.6,5.6,12.4,21.3,104.5,21.4,82
2016,LAL,240.6,35.1,84.8,41.4,7.8,24.6,31.7,19.3,24.7,78.1,10.7,32.3,43.0,18.0,7.2,4.1,13.0,20.3,97.3,-47.8,82
2016,MEM,241.8,36.8,83.6,44.0,6.1,18.5,33.1,19.3,24.7,78.3,11.2,30.5,41.6,20.7,8.8,4.3,12.7,21.7,99.1,-11.2,82
2016,MIA,241.8,38.4,81.7,47.0,6.1,18.0,33.6,17.1,23.0,74.4,9.8,34.3,44.1,20.8,6.7,6.5,13.2,18.3,100.0,8.2,82
2016,MIL,241.8,38.4,82.2,46.7,5.4,15.6,34.5,17.0,22.7,74.7,10.5,31.2,41.7,23.1,8.2,5.8,14.6,20.7,99.0,-20.9,82
2016,MIN,242.4,37.7,81.3,46.4,5.5,16.4,33.8,21.4,27.0,79.2,10.0,31.5,41.6,23.4,8.0,4.6,14.4,20.7,102.4,-17.7,82
2016,NOP,241.2,38.5,85.9,44.8,8.6,23.8,36.0,17.3,22.2,77.6,9.5,33.1,42.6,22.2,7.7,4.2,13.0,20.9,102.7,-19.0,82
2016,NYK,241.5,36.9,84.0,43.9,7.4,21.5,34.6,17.2,21.4,80.5,10.4,34.0,44.4,20.5,5.7,5.7,12.7,19.7,98.4,-13.7,82
2016,OKC,241.8,41.1,86.4,47.6,8.3,23.7,34.9,19.7,25.2,78.2,13.1,35.6,48.6,23.0,7.4,5.9,15.5,20.6,110.2,36.4,82
2016,ORL,242.7,39.5,86.8,45.5,7.8,22.2,35.0,15.2,20.1,75.7,10.3,33.0,43.3,23.6,8.2,5.1,13.6,20.7,102.1,-8.1,82
2016,PHI,241.5,36.2,84.0,43.1,9.3,27.5,33.9,15.7,22.6,69.4,9.5,31.8,41.2,21.5,8.3,6.0,15.6,21.7,97.4,-51.2,82
2016,PHX,240.3,37.2,85.6,43.5,9.0,25.8,34.8,17.5,23.2,75.1,11.5,33.3,44.8,20.7,7.7,3.8,16.6,22.7,100.9,-33.3,82
2016,POR,241.5,38.6,85.9,45.0,10.5,28.5,37.0,17.4,23.0,75.4,11.6,33.9,45.5,21.3,6.9,4.6,14.1,21.7,105.1,4.1,82
2016,SAC,241.5,40.0,86.4,46.4,8.0,22.4,35.9,18.5,25.5,72.5,10.6,33.7,44.2,24.5,8.9,4.5,15.5,20.4,106.6,-12.4,82
2016,SAS,240.3,40.1,82.9,48.4,7.0,18.5,37.5,16.4,20.4,80.3,9.4,34.5,43.9,24.5,8.3,5.9,12.5,17.5,103.5,53.2,82
2016,TOR,241.2,36.7,81.3,45.1,8.6,23.4,37.0,20.8,26.7,77.7,10.2,33.2,43.4,18.7,7.8,5.5,12.1,19.6,102.7,22.5,82
2016,UTA,243.4,36.1,80.4,44.9,8.5,23.9,35.5,17.1,23.0,74.4,10.7,32.5,43.2,19.0,7.7,5.2,14.2,20.2,97.7,9.0,82
2016,WAS,240.9,39.5,85.8,46.0,8.6,24.2,35.8,16.5,22.5,73.0,9.1,32.8,41.8,24.5,8.6,3.9,13.9,20.8,104.1,-2.5,82
2017,ATL,242.4,38.1,84.4,45.1,8.9,26.1,34.1,18.1,24.9,72.8,10.3,34.1,44.3,23.6,8.2,4.8,15.2,18.2,103.2,-4.3,82
2017,BKN,240.9,37.8,85.2,44.4,10.7,31.6,33.8,19.4,24.6,78.8,8.8,35.1,43.9,21.4,7.2,4.7,15.9,21.0,105.8,-33.7,82
2017,BOS,240.9,38.6,85.1,45.4,12.0,33.4,35.9,18.7,23.2,80.7,9.1,32.9,42.0,25.2,7.5,4.1,12.6,20.6,108.0,13.2,82
2017,CHA,241.8,37.7,85.4,44.2,10.0,28.6,35.1,19.4,23.8,81.5,8.8,34.8,43.6,23.1,7.0,4.8,11.0,16.6,104.9,1.0,82
2017,CHI,241.2,38.6,87.1,44.4,7.6,22.3,34.0,18.0,22.5,79.8,12.2,34.1,46.3,22.6,7.8,4.8,13.0,17.7,102.9,2.1,82
2017,CLE,242.4,39.9,84.9,47.0,13.0,33.9,38.4,17.5,23.3,74.8,9.3,34.4,43.7,22.7,6.6,4.0,13.2,18.1,110.3,15.9,82
2017,DAL,241.2,36.2,82.3,44.0,10.7,30.2,35.5,14.8,18.5,80.1,7.9,30.7,38.6,20.8,7.5,3.7,11.2,19.1,97.9,-14.6,82
2017,DEN,240.9,41.2,87.7,46.9,10.6,28.8,36.8,18.7,24.2,77.4,11.8,34.6,46.4,25.3,6.9,3.9,14.5,19.1,111.7,2.6,82
2017,DET,241.5,39.9,88.8,44.9,7.7,23.4,33.0,13.9,19.3,71.9,11.1,34.6,45.7,21.1,7.0,3.8,11.4,17.9,101.3,-5.6,82
2017,GSW,241.2,43.1,87.1,49.5,12.0,31.2,38.3,17.8,22.6,78.8,9.4,35.0,44.4,30.4,9.6,6.8,14.4,19.3,115.9,58.2,82
2017,HOU,241.2,40.3,87.2,46.2,14.4,40.3,35.7,20.3,26.5,76.6,10.9,33.5,44.4,25.2,8.2,4.3,14.5,19.9,115.3,28.8,82
2017,IND,242.1,39.3,84.5,46.5,8.6,23.0,37.6,17.9,22.1,81.0,9.0,33.0,42.0,22.5,8.2,5.0,13.3,19.5,105.1,-1.1,82
2017,LAC,240.9,39.5,83.2,47.5,10.3,27.4,37.5,19.3,26.0,74.5,9.0,34.0,43.0,22.5,7.5,4.2,12.5,19.8,108.7,21.5,82
2017,LAL,240.3,39.3,87.4,45.0,8.9,25.7,34.6,17.0,22.6,75.4,11.4,32.1,43.5,20.9,8.2,3.9,14.5,20.7,104.6,-34.4,82
2017,MEM,242.7,36.4,83.6,43.5,9.4,26.5,35.4,18.3,23.4,78.4,10.8,32.0,42.8,21.3,8.0,4.2,12.4,22.4,100.5,2.4,82
2017,MIA,241.2,39.0,85.8,45.5,9.9,27.0,36.5,15.2,21.6,70.6,10.6,33.0,43.6,21.2,7.2,5.7,12.6,20.5,103.2,5.3,82
2017,MIL,241.2,38.8,81.9,47.4,8.8,23.7,37.0,17.2,22.4,76.8,8.8,31.6,40.4,24.2,8.1,5.3,13.4,20.2,103.6,-0.9,82
2017,MIN,241.5,39.5,84.4,46.7,7.3,21.0,34.9,19.3,24.2,79.9,11.4,31.0,42.4,23.7,8.0,4.5,13.4,20.1,105.6,-5.5,82
2017,NOP,242.7,39.1,87.0,45.0,9.4,26.8,35.0,16.7,22.3,75.0,8.6,35.1,43.7,22.8,7.8,5.5,12.3,18.2,104.3,-10.5,82
2017,NYK,242.1,39.6,88.5,44.7,8.6,24.7,34.8,16.6,21.1,78.8,12.0,33.2,45.2,21.8,7.1,5.5,13.2,20.3,104.3,-18.4,82
2017,OKC,241.5,39.5,87.4,45.2,8.4,25.8,32.7,19.2,25.8,74.5,12.2,34.4,46.6,21.0,7.9,5.0,14.6,20.9,106.6,3.8,82
2017,ORL,241.5,38.3,87.0,44.0,8.5,26.1,32.8,16.0,21.4,74.7,9.8,33.3,43.2,22.2,7.1,4.8,12.8,19.3,101.1,-32.9,82
2017,PHI,241.8,37.7,85.3,44.2,10.1,29.8,34.0,17.0,22.0,77.1,9.8,33.0,42.8,23.8,8.4,5.1,16.0,21.9,102.4,-28.5,82
2017,PHX,241.8,39.9,88.5,45.0,7.5,22.6,33.2,20.4,26.3,77.6,11.9,33.1,45.0,19.6,8.2,4.9,14.9,24.8,107.7,-28.2,82
2017,POR,243.1,39.5,86.1,45.9,10.4,27.7,37.5,18.5,23.7,78.0,10.1,33.5,43.7,21.1,7.0,5.0,13.1,21.2,107.9,-2.6,82
2017,SAC,242.4,37.9,82.1,46.1,9.0,23.9,37.6,18.1,23.3,77.5,8.7,32.3,41.1,22.5,7.6,4.0,14.1,20.3,102.8,-19.4,82
2017,SAS,241.5,39.3,83.7,46.9,9.2,23.5,39.1,17.6,22.0,79.7,10.0,33.9,43.9,23.8,8.0,5.9,12.9,18.3,105.3,36.0,82
2017,TOR,241.2,39.2,84.4,46.4,8.8,24.3,36.3,19.7,24.7,79.6,10.6,32.6,43.3,18.5,8.3,4.9,11.8,20.8,106.9,21.0,82
2017,UTA,240.9,37.0,79.5,46.6,9.6,26.0,37.2,17.1,22.9,74.7,9.4,33.8,43.2,20.1,6.7,5.0,12.9,18.8,100.7,19.7,82
2017,WAS,242.1,41.3,87.0,47.5,9.2,24.8,37.2,17.3,22.1,78.4,10.3,32.6,42.9,23.9,8.5,4.1,13.5,21.3,109.2,9.0,82
2018,ATL,240.3,38.2,85.5,44.6,11.2,31.0,36.0,15.8,20.2,78.5,9.1,32.8,41.9,23.7,7.8,4.2,15.0,19.6,103.4,-27.3,82
2018,BKN,242.1,38.2,86.8,44.1,12.7,35.7,35.6,17.4,22.6,77.2,9.7,34.8,44.4,23.7,6.2,4.8,14.2,20.6,106.6,-18.7,82
2018,BOS,241.5,38.3,85.1,45.0,11.5,30.4,37.7,16.0,20.7,77.1,9.4,35.1,44.5,22.5,7.4,4.5,13.3,19.7,104.0,17.9,82
2018,CHA,241.2,39.0,86.7,45.0,10.0,27.2,36.9,20.2,27.0,74.7,10.1,35.4,45.5,21.6,6.8,4.5,12.3,17.2,108.2,1.3,82
2018,CHI,242.1,38.7,88.8,43.5,11.0,31.1,35.5,14.6,19.2,75.9,9.6,35.0,44.7,23.5,7.6,3.5,13.3,19.2,102.9,-35.2,82
2018,CLE,240.6,40.4,84.8,47.6,12.0,32.1,37.2,18.1,23.3,77.9,8.5,33.7,42.1,23.4,7.1,3.8,13.3,18.6,110.9,4.7,82
2018,DAL,241.5,38.1,85.9,44.4,11.8,32.8,36.0,14.2,18.7,76.3,8.1,33.1,41.3,22.7,7.0,3.8,11.8,19.2,102.3,-15.2,82
2018,DEN,242.4,40.7,86.6,47.0,11.5,30.9,37.1,17.1,22.3,76.7,11.0,33.5,44.5,25.1,7.6,4.9,14.3,18.7,110.0,7.4,82
2018,DET,241.5,39.1,86.9,45.0,10.8,28.9,37.3,14.7,19.8,74.5,10.1,33.6,43.7,22.8,7.7,3.9,12.7,18.4,103.8,-0.7,82
2018,GSW,240.6,42.8,85.1,50.3,11.3,28.9,39.1,16.6,20.3,81.5,8.4,35.1,43.5,29.3,8.0,7.5,15.0,19.6,113.5,29.9,82
2018,HOU,240.9,38.7,84.2,46.0,15.3,42.3,36.2,19.6,25.1,78.1,9.0,34.5,43.5,21.5,8.5,4.8,13.2,19.5,112.4,42.4,82
2018,IND,240.9,40.8,86.4,47.2,9.0,24.5,36.9,14.9,19.2,77.9,9.6,32.7,42.3,22.2,8.8,4.1,12.8,18.8,105.6,6.9,82
2018,LAC,240.3,40.3,85.4,47.1,9.5,26.8,35.4,19.0,25.5,74.3,10.1,33.7,43.9,22.3,7.7,4.5,14.1,20.0,109.0,0.2,82
2018,LAL,242.7,40.7,88.4,46.1,10.0,29.1,34.5,16.6,23.3,71.4,10.7,35.7,46.4,23.8,7.7,4.7,15.3,21.2,108.1,-7.7,82
2018,MEM,240.3,36.7,82.8,44.4,9.2,26.2,35.2,16.6,21.1,78.6,9.5,31.0,40.5,21.5,7.5,4.8,14.4,23.2,99.3,-31.0,82
2018,MIA,243.1,38.8,85.3,45.5,11.0,30.6,36.0,14.7,19.5,75.5,9.3,34.2,43.5,22.7,7.6,5.3,13.6,20.1,103.4,2.4,82
2018,MIL,241.8,39.7,83.0,47.8,8.8,24.7,35.5,18.3,23.4,78.3,8.4,31.5,39.8,23.2,8.8,5.4,13.1,21.4,106.5,-1.5,82
2018,MIN,241.5,41.0,86.1,47.6,8.0,22.5,35.7,19.4,24.1,80.4,10.3,31.6,42.0,22.7,8.4,4.2,11.7,18.2,109.5,11.2,82
2018,NOP,243.4,42.7,88.3,48.3,10.2,28.2,36.2,16.1,20.9,77.2,8.7,35.6,44.3,26.8,8.0,5.9,14.4,19.1,111.7,6.5,82
2018,NYK,241.8,40.7,87.7,46.4,8.2,23.3,35.2,14.9,19.0,78.7,10.5,33.6,44.0,23.3,6.7,5.1,14.2,20.5,104.5,-17.8,82
2018,OKC,241.8,39.9,88.1,45.3,10.7,30.4,35.4,17.3,24.2,71.6,12.5,32.6,45.1,21.3,9.1,5.0,13.4,20.2,107.9,17.1,82
2018,ORL,240.6,38.8,85.9,45.2,10.3,29.3,35.1,15.5,20.5,75.7,8.8,32.8,41.6,23.4,7.6,4.9,13.9,19.3,103.4,-24.1,82
2018,PHI,241.2,40.8,86.6,47.2,11.0,29.8,36.9,17.1,22.8,75.2,10.9,36.5,47.4,27.1,8.3,5.1,15.9,22.1,109.8,22.5,82
2018,PHX,240.3,38.5,87.1,44.2,9.3,27.9,33.4,17.7,23.9,74.1,10.3,33.9,44.1,21.3,6.9,4.5,15.1,22.0,103.9,-46.8,82
2018,POR,240.9,39.3,87.0,45.2,10.3,28.1,36.6,16.7,20.9,80.0,10.2,35.3,45.5,19.5,7.0,5.2,13.0,19.5,105.6,13.0,82
2018,SAC,240.9,38.8,86.1,45.0,9.0,24.0,37.5,12.3,16.7,73.5,9.5,31.4,40.9,21.6,7.8,4.1,13.2,20.0,98.8,-34.9,82
2018,SAS,240.6,39.0,85.4,45.7,8.5,24.1,35.2,16.1,20.9,77.2,10.4,33.9,44.2,22.8,7.7,5.6,12.7,17.2,102.7,14.5,82
2018,TOR,241.8,41.3,87.4,47.2,11.8,33.0,35.8,17.3,21.8,79.4,9.8,34.2,44.0,24.3,7.6,6.1,12.7,21.7,111.7,38.9,82
2018,UTA,240.9,38.3,82.9,46.2,10.8,29.6,36.6,16.8,21.5,77.9,9.0,34.2,43.3,22.4,8.6,5.1,14.1,19.6,104.1,21.5,82
2018,WAS,242.1,39.9,85.6,46.7,9.9,26.5,37.5,16.8,21.8,77.2,10.0,33.1,43.1,25.2,7.9,4.3,14.0,21.3,106.6,2.9,82
2019,ATL,242.1,41.4,91.8,45.1,13.0,37.0,35.2,17.6,23.4,75.2,11.6,34.5,46.1,25.8,8.2,5.1,16.6,23.6,113.3,-30.1,82
2019,BKN,243.7,40.3,89.7,44.9,12.8,36.2,35.3,19.0,25.5,74.5,11.0,35.6,46.6,23.8,6.6,4.1,14.4,21.5,112.2,-0.4,82
2019,BOS,241.2,42.1,90.5,46.5,12.6,34.5,36.5,15.6,19.5,80.2,9.8,34.7,44.5,26.3,8.6,5.3,12.4,20.4,112.4,22.2,82
2019,CHA,241.8,40.2,89.8,44.8,11.9,33.9,35.1,18.4,23.1,79.7,9.9,33.9,43.8,23.2,7.2,4.9,11.7,18.9,110.7,-5.5,82
2019,CHI,242.7,39.8,87.9,45.3,9.1,25.9,35.1,16.2,20.7,78.3,8.8,34.1,42.9,21.9,7.4,4.3,13.5,20.3,104.9,-42.1,82
2019,CLE,240.9,38.9,87.6,44.4,10.3,29.1,35.5,16.4,20.7,79.2,10.7,31.9,42.7,20.7,6.5,2.4,12.6,20.0,104.5,-48.0,82
2019,DAL,241.2,38.8,86.9,44.7,12.5,36.6,34.0,18.8,25.3,74.2,10.1,35.2,45.3,23.4,6.5,4.3,13.6,20.1,108.9,-6.4,82
2019,DEN,240.6,41.9,90.0,46.6,11.0,31.4,35.1,15.8,20.9,75.5,11.9,34.5,46.4,27.4,7.7,4.4,12.9,20.0,110.7,19.8,82
2019,DET,242.1,38.8,88.3,44.0,12.1,34.8,34.8,17.3,23.1,74.7,11.4,33.6,45.0,22.5,6.9,4.0,13.0,22.1,107.0,-1.2,82
2019,GSW,241.5,44.0,89.8,49.1,13.3,34.4,38.5,16.3,20.4,80.1,9.7,36.5,46.2,29.4,7.6,6.4,13.8,21.4,117.7,32.3,82
2019,HOU,241.8,39.2,87.4,44.9,16.1,45.4,35.6,19.3,24.4,79.1,10.2,31.9,42.1,21.2,8.5,4.9,12.7,22.0,113.9,23.8,82
2019,IND,240.3,41.3,87.0,47.5,9.5,25.4,37.4,15.8,21.1,75.2,9.3,33.7,43.0,26.0,8.7,4.9,13.3,19.4,108.0,16.6,82
2019,LAC,241.8,41.3,87.5,47.1,10.0,25.8,38.8,22.6,28.5,79.2,9.7,35.8,45.5,24.0,6.8,4.7,13.8,23.3,115.1,4.3,82
2019,LAL,241.2,42.6,90.5,47.0,10.3,31.0,33.3,16.3,23.3,69.9,10.2,36.4,46.6,25.6,7.5,5.4,15.2,20.7,111.8,-8.6,82
2019,MEM,242.4,38.0,84.4,45.0,9.9,28.9,34.2,17.7,23.0,77.2,8.8,33.0,41.8,23.9,8.3,5.5,13.2,22.0,103.5,-13.0,82
2019,MIA,240.6,39.6,88.0,45.0,11.3,32.4,34.9,15.1,21.7,69.5,11.2,35.1,46.3,24.3,7.6,5.5,14.1,20.9,105.7,-1.2,82
2019,MIL,241.2,43.4,91.1,47.6,13.5,38.2,35.3,17.9,23.2,77.3,9.3,40.4,49.7,26.0,7.5,5.9,13.3,19.6,118.1,44.3,82
2019,MIN,241.8,41.6,91.3,45.6,10.1,28.7,35.1,19.1,24.3,78.7,11.3,33.5,44.8,24.6,8.3,5.0,12.6,20.3,112.5,-7.5,82
2019,NOP,240.9,43.7,92.2,47.3,10.3,29.9,34.4,17.8,23.4,76.1,11.1,36.2,47.3,27.0,7.4,5.4,14.5,21.1,115.4,-6.6,82
2019,NYK,241.2,38.2,88.3,43.3,10.0,29.5,34.0,18.1,23.9,75.9,10.5,34.3,44.7,20.1,6.8,5.1,13.4,20.9,104.6,-46.0,82
2019,OKC,242.1,42.6,94.0,45.4,11.4,32.6,34.8,17.8,25.0,71.3,12.6,35.5,48.1,23.4,9.3,5.2,13.6,22.4,114.5,17.0,82
2019,ORL,241.2,40.4,89.1,45.4,11.4,32.1,35.6,15.0,19.2,78.2,10.0,35.4,45.4,25.5,6.6,5.4,12.6,18.6,107.3,3.5,82
2019,PHI,241.5,41.5,88.2,47.1,10.8,30.2,35.9,21.2,27.5,77.1,10.9,36.9,47.8,26.9,7.4,5.3,14.5,21.3,115.2,13.5,82
2019,PHX,242.4,40.1,87.4,45.9,9.6,29.3,32.9,17.6,22.7,77.9,9.1,31.3,40.4,23.9,9.0,5.1,15.2,23.6,107.5,-46.7,82
2019,POR,242.1,42.3,90.6,46.7,11.0,30.7,35.9,19.0,23.3,81.4,11.8,36.2,48.0,23.0,6.7,5.0,13.3,20.4,114.7,21.0,82
2019,SAC,240.6,43.2,93.1,46.4,11.3,29.9,37.8,16.5,22.7,72.6,11.0,34.4,45.4,25.4,8.3,4.4,12.9,21.4,114.2,-5.6,82
2019,SAS,241.5,42.3,88.4,47.8,9.9,25.3,39.2,17.2,21.0,81.9,9.2,35.5,44.7,24.5,6.1,4.7,11.8,18.1,111.7,8.4,82
2019,TOR,242.4,42.2,89.1,47.4,12.4,33.8,36.6,17.7,22.0,80.4,9.6,35.6,45.2,25.4,8.3,5.3,13.3,21.0,114.4,30.4,82
2019,UTA,240.9,40.4,86.4,46.8,12.1,34.0,35.6,18.8,25.5,73.6,10.0,36.4,46.4,26.0,8.1,5.9,14.8,21.1,111.7,26.3,82
2019,WAS,243.0,42.1,90.1,46.8,11.3,33.3,34.1,18.4,23.9,76.8,9.7,32.7,42.4,26.3,8.3,4.6,13.7,20.7,114.0,-14.5,82
2020,ATL,243.0,40.6,90.6,44.9,12.0,36.1,33.3,18.5,23.4,79.0,9.9,33.4,43.3,24.0,7.8,5.1,15.7,23.1,111.8,-39.9,67
2020,BKN,242.8,40.4,90.2,44.8,13.1,38.1,34.3,17.9,24.1,74.5,10.6,37.3,47.9,24.5,6.4,4.5,14.5,21.0,111.8,-2.8,72
2020,BOS,242.1,41.3,89.6,46.1,12.6,34.5,36.4,18.6,23.2,80.1,10.7,35.4,46.1,23.0,8.3,5.6,13.2,21.6,113.7,31.5,72
2020,CHA,242.3,37.3,85.9,43.4,12.1,34.3,35.2,16.2,21.6,74.8,11.0,31.8,42.8,23.8,6.6,4.1,13.9,18.8,102.9,-33.8,65
2020,CHI,241.2,39.6,88.6,44.7,12.2,35.1,34.8,15.5,20.5,75.5,10.5,31.4,41.9,23.2,10.0,4.1,14.6,21.8,106.8,-15.4,65
2020,CLE,241.9,40.3,87.9,45.8,11.2,31.8,35.1,15.1,19.9,75.8,10.8,33.4,44.2,23.1,6.9,3.2,15.7,18.3,106.9,-39.5,65
2020,DAL,242.3,41.7,90.3,46.1,15.1,41.3,36.7,18.6,23.8,77.9,10.5,36.4,46.9,24.7,6.1,4.8,12.1,19.5,117.0,24.7,75
2020,DEN,243.1,42.0,88.9,47.3,11.0,30.6,35.9,16.2,20.9,77.7,10.8,33.4,44.1,26.7,8.0,4.6,13.1,20.3,111.3,10.5,73
2020,DET,241.9,39.3,85.7,45.9,12.0,32.7,36.7,16.6,22.4,74.3,9.8,32.0,41.7,24.1,7.4,4.5,14.5,19.7,107.2,-17.8,66
2020,GSW,241.9,38.6,88.2,43.8,10.4,31.3,33.4,18.7,23.2,80.3,10.0,32.9,42.8,25.6,8.2,4.6,14.3,20.1,106.3,-43.5,65
2020,HOU,241.4,40.8,90.4,45.1,15.6,45.3,34.5,20.6,26.1,79.1,9.8,34.5,44.3,21.6,8.7,5.2,14.2,21.8,117.8,14.8,72
2020,IND,241.4,42.1,88.5,47.6,10.2,28.0,36.3,15.0,19.1,78.7,8.7,34.1,42.8,25.9,7.4,5.2,12.7,19.8,109.4,9.8,73
2020,LAC,241.4,41.6,89.2,46.6,12.4,33.5,37.1,20.8,26.3,79.1,10.7,37.0,47.7,23.7,7.1,4.7,13.9,22.1,116.3,32.2,72
2020,LAL,240.7,42.3,88.3,48.0,11.0,31.6,34.9,17.7,24.3,72.9,10.7,35.1,45.7,25.4,8.6,6.6,14.7,20.7,113.4,28.9,71
2020,MEM,240.7,42.5,90.9,46.8,10.9,31.5,34.7,16.6,21.8,76.3,10.3,36.2,46.5,26.9,7.9,5.5,14.6,21.2,112.6,-5.3,73
2020,MIA,243.1,39.5,84.4,46.8,13.4,35.4,37.9,19.7,25.2,78.3,8.5,35.9,44.4,25.9,7.5,4.5,13.9,20.6,112.0,14.7,73
2020,MIL,241.0,43.3,90.9,47.6,13.8,38.9,35.5,18.3,24.7,74.2,9.5,42.2,51.7,25.9,7.2,5.9,14.6,19.6,118.7,50.4,73
2020,MIN,243.1,40.4,91.6,44.1,13.3,39.7,33.6,19.1,25.4,75.3,10.5,34.3,44.8,23.8,8.7,5.7,14.7,21.4,113.2,-21.5,64
2020,NOP,242.1,42.6,91.6,46.5,13.6,36.9,37.0,17.1,23.4,72.9,11.1,35.4,46.5,26.8,7.5,5.0,15.9,21.2,115.8,-6.5,72
2020,NYK,241.9,40.0,89.3,44.7,9.6,28.4,33.7,16.3,23.5,69.4,12.0,34.5,46.5,22.1,7.6,4.7,13.8,22.2,105.8,-32.3,66
2020,OKC,242.1,40.0,85.5,46.8,10.7,30.2,35.5,19.8,24.8,79.6,8.2,34.7,42.9,21.7,7.6,4.9,13.0,19.3,110.4,9.9,72
2020,ORL,240.7,39.3,88.6,44.4,11.1,32.2,34.3,17.6,22.7,77.4,10.3,34.2,44.5,23.9,8.2,5.4,12.2,18.3,107.3,-5.1,73
2020,PHI,241.0,41.1,87.9,46.8,11.6,31.6,36.8,16.9,22.4,75.5,10.5,35.0,45.4,25.8,8.0,5.3,13.5,20.9,110.7,11.9,73
2020,PHX,241.0,41.2,88.1,46.8,11.4,31.8,35.8,19.9,23.8,83.4,9.8,33.8,43.5,27.2,7.7,4.0,14.2,22.0,113.6,1.1,73
2020,POR,241.0,42.2,91.2,46.3,12.9,34.1,37.7,17.7,22.1,80.4,10.2,35.1,45.3,20.6,6.3,6.1,12.4,21.7,115.0,-5.7,74
2020,SAC,242.4,40.9,88.4,46.2,12.7,34.9,36.4,15.7,20.3,77.0,9.7,32.9,42.6,23.8,7.7,4.1,13.8,22.2,110.1,-10.2,72
2020,SAS,242.5,42.2,89.4,47.2,10.7,28.5,37.6,19.0,23.4,81.0,9.0,35.6,44.6,24.7,7.3,5.5,12.2,19.4,114.1,-5.6,71
2020,TOR,241.4,40.2,87.9,45.8,13.8,37.0,37.4,18.5,23.2,79.6,9.5,35.9,45.4,25.2,8.8,5.0,14.0,21.7,112.8,31.2,72
2020,UTA,241.0,40.1,85.1,47.1,13.4,35.2,38.0,17.8,22.8,77.9,9.1,35.8,44.9,22.4,6.1,4.1,14.5,20.4,111.3,12.4,72
2020,WAS,241.0,41.5,90.9,45.7,12.0,32.6,36.8,19.4,24.6,78.8,10.2,31.9,42.0,25.0,8.0,4.3,13.5,22.7,114.4,-23.3,72
2021,ATL,241.7,40.8,87.2,46.8,12.4,33.4,37.3,19.7,24.2,81.2,10.6,35.1,45.6,24.1,7.0,4.8,12.7,19.3,113.7,11.6,72
2021,BKN,241.7,43.1,87.3,49.4,14.2,36.1,39.2,18.1,22.5,80.4,8.9,35.5,44.4,26.8,6.7,5.3,13.1,19.0,118.6,22.5,72
2021,BOS,241.4,41.5,88.9,46.6,13.6,36.4,37.4,16.1,20.8,77.5,10.6,33.6,44.2,23.5,7.7,5.3,13.4,20.4,112.6,7.3,72
2021,CHA,241.0,39.9,87.8,45.5,13.7,37.0,36.9,15.9,20.9,76.1,10.6,33.2,43.8,26.8,7.8,4.8,14.2,18.0,109.5,-9.7,72
2021,CHI,241.4,42.2,88.6,47.6,12.6,34.0,37.0,13.8,17.5,79.1,9.6,35.3,45.0,26.8,6.7,4.2,14.5,18.9,110.7,-4.4,72
2021,CLE,242.1,38.6,85.8,45.0,10.0,29.7,33.6,16.7,22.4,74.3,10.4,32.3,42.8,23.8,7.8,4.5,14.4,18.2,103.8,-42.2,72
2021,DAL,240.3,41.1,87.3,47.0,13.8,38.1,36.2,16.5,21.2,77.8,9.1,34.2,43.3,22.9,6.2,4.3,11.4,19.4,112.4,11.3,72
2021,DEN,242.8,43.2,89.2,48.5,12.9,34.2,37.7,15.7,19.5,80.3,10.5,33.9,44.4,26.8,8.1,4.5,12.8,19.1,115.1,24.7,72
2021,DET,242.1,38.7,85.6,45.2,11.6,32.9,35.1,17.8,23.4,75.9,9.6,33.1,42.7,24.2,7.4,5.2,14.2,20.5,106.6,-22.4,72
2021,GSW,240.3,41.3,88.2,46.8,14.6,38.7,37.6,16.6,21.1,78.5,8.0,35.1,43.0,27.7,8.2,4.8,14.6,21.2,113.7,5.3,72
2021,HOU,240.3,39.2,88.5,44.4,13.8,40.6,33.9,16.5,22.3,74.0,9.3,33.3,42.6,23.6,7.6,5.0,14.2,19.5,108.8,-39.5,72
2021,IND,242.4,43.3,91.2,47.4,12.3,34.0,36.4,16.4,20.7,79.2,9.0,33.7,42.7,27.4,8.5,6.4,13.0,20.2,115.3,-0.2,72
2021,LAC,240.0,41.8,86.7,48.2,14.3,34.7,41.1,16.2,19.3,83.9,9.4,34.7,44.2,24.4,7.1,4.1,12.4,19.2,114.0,30.9,72
2021,LAL,242.4,40.6,86.1,47.2,11.1,31.2,35.4,17.2,23.3,73.9,9.7,34.6,44.2,24.7,7.8,5.4,14.7,19.1,109.5,14.0,72
2021,MEM,241.7,42.8,91.8,46.7,11.2,31.4,35.6,16.4,21.3,77.1,11.2,35.3,46.5,26.9,9.1,5.1,12.7,18.7,113.3,5.1,72
2021,MIA,241.4,39.2,83.7,46.8,12.9,36.2,35.8,16.7,21.1,79.0,8.0,33.5,41.5,26.3,7.9,4.0,13.3,18.9,108.1,0.1,72
2021,MIL,240.7,44.7,91.8,48.7,14.4,37.1,38.9,16.2,21.4,76.0,10.3,37.8,48.1,25.5,8.1,4.6,13.4,17.3,120.1,29.4,72
2021,MIN,241.7,40.7,90.9,44.8,13.1,37.6,34.9,17.6,23.1,76.1,10.5,33.0,43.5,25.6,8.8,5.5,13.7,20.9,112.1,-27.8,72
2021,NOP,242.1,42.5,89.1,47.7,10.6,30.4,34.8,19.0,26.1,72.9,11.7,35.7,47.4,26.0,7.6,4.4,13.9,18.0,114.6,-1.5,72
2021,NYK,242.1,39.4,86.5,45.6,11.8,30.0,39.2,16.4,20.9,78.4,9.7,35.5,45.1,21.4,7.0,5.1,12.2,20.5,107.0,11.5,72
2021,OKC,241.0,38.8,88.0,44.1,11.9,35.1,33.9,15.5,21.3,72.5,9.9,35.7,45.6,22.1,7.0,4.4,15.4,18.1,105.0,-53.2,72
2021,ORL,240.7,38.2,89.2,42.9,10.9,31.8,34.3,16.6,21.4,77.5,10.4,35.1,45.4,21.8,6.9,4.4,12.2,17.2,104.0,-46.5,72
2021,PHI,242.1,41.4,86.9,47.6,11.3,30.1,37.4,19.6,25.5,76.7,10.0,35.0,45.1,23.7,9.1,6.2,13.7,20.2,113.6,27.9,72
2021,PHX,242.8,43.3,88.3,49.0,13.1,34.6,37.8,15.6,18.7,83.4,8.8,34.2,42.9,26.9,7.2,4.3,12.0,19.1,115.3,29.1,72
2021,POR,240.3,41.3,91.1,45.3,15.7,40.8,38.5,17.8,21.6,82.3,10.6,33.9,44.5,21.3,6.9,5.0,10.8,18.9,116.1,9.0,72
2021,SAC,240.3,42.6,88.6,48.1,12.1,33.3,36.4,16.4,22.0,74.5,9.4,32.0,41.4,25.5,7.5,5.0,12.8,19.4,113.7,-18.4,72
2021,SAS,242.8,41.9,90.5,46.2,9.9,28.4,35.0,17.4,22.0,79.2,9.3,34.6,43.9,24.4,7.0,5.1,11.0,18.0,111.1,-8.7,72
2021,TOR,240.3,39.7,88.7,44.8,14.5,39.3,36.8,17.4,21.3,81.5,9.4,32.1,41.6,24.1,8.6,5.4,12.5,21.2,111.3,-2.4,72
2021,UTA,241.0,41.3,88.1,46.8,16.7,43.0,38.9,17.2,21.5,79.9,10.6,37.6,48.2,23.7,6.6,5.2,13.5,18.5,116.4,46.2,72
2021,WAS,241.7,43.2,90.9,47.5,10.2,29.0,35.1,20.1,26.2,76.9,9.7,35.5,45.2,25.5,7.3,4.1,13.9,21.6,116.6,-9.2,72
2022,ATL,240.3,41.5,88.3,47.0,12.9,34.4,37.4,18.1,22.3,81.2,10.0,33.9,44.0,24.6,7.2,4.2,11.3,18.7,113.9,7.8,82
2022,BKN,240.9,42.0,88.4,47.5,11.5,31.7,36.1,17.5,21.7,80.5,10.3,34.1,44.4,25.3,7.1,5.5,13.2,20.4,112.9,3.9,82
2022,BOS,242.7,40.7,87.4,46.6,13.2,37.1,35.6,17.0,20.9,81.6,10.5,35.5,46.1,24.8,7.2,5.8,13.0,18.5,111.8,36.4,82
2022,CHA,242.4,42.8,91.4,46.8,13.9,38.2,36.5,15.8,21.4,74.0,10.8,33.7,44.6,28.1,8.6,4.9,12.7,19.9,115.3,2.2,82
2022,CHI,240.6,41.7,86.9,48.0,10.6,28.8,36.9,17.5,21.5,81.3,8.7,33.7,42.3,23.9,7.1,4.1,12.1,18.8,111.6,-2.0,82
2022,CLE,240.6,39.7,84.6,46.9,11.6,32.8,35.5,16.8,22.1,76.0,10.2,34.0,44.2,25.2,7.1,4.2,13.3,17.5,107.8,10.6,82
2022,DAL,240.9,39.3,85.1,46.1,13.1,37.4,35.0,16.4,21.2,77.1,9.3,33.8,43.0,23.4,6.7,4.0,11.7,19.7,108.0,16.5,82
2022,DEN,241.5,41.7,86.3,48.3,12.7,35.9,35.3,16.7,21.0,79.5,9.2,34.9,44.1,27.8,7.2,3.7,13.8,20.0,112.7,11.5,82
2022,DET,241.2,38.2,88.6,43.1,11.3,34.6,32.6,17.2,22.0,78.2,11.0,32.0,43.0,23.5,7.7,4.8,13.4,21.9,104.8,-38.6,82
2022,GSW,240.6,40.5,86.4,46.9,14.3,39.4,36.4,15.6,20.3,76.9,9.8,35.7,45.5,27.1,8.8,4.5,14.3,21.0,111.0,27.7,82
2022,HOU,240.9,39.4,86.4,45.6,13.5,38.7,34.9,17.5,24.5,71.3,9.6,32.4,42.0,23.6,7.3,4.7,15.7,20.6,109.7,-42.4,82
2022,IND,242.4,41.4,89.5,46.3,12.2,35.4,34.4,16.4,21.4,76.8,11.3,32.6,43.9,25.4,7.1,5.6,13.6,20.4,111.5,-17.4,82
2022,LAC,241.2,40.1,87.4,45.8,12.8,34.2,37.4,15.5,19.6,79.3,9.1,34.9,44.0,24.0,7.4,5.0,13.0,18.6,108.4,0.1,82
2022,LAL,243.7,41.6,88.8,46.9,12.0,34.5,34.7,16.8,23.0,73.2,9.5,34.5,44.0,24.0,7.6,5.2,13.9,20.2,112.1,-15.2,82
2022,MEM,241.2,43.5,94.4,46.1,11.5,32.7,35.3,17.0,23.1,73.4,14.1,35.0,49.2,26.0,9.8,6.5,12.5,19.8,115.6,28.4,82
2022,MIA,242.1,39.6,84.8,46.7,13.6,35.8,37.9,17.3,21.4,80.8,9.8,33.9,43.7,25.5,7.4,3.2,13.8,20.5,110.0,22.3,82
2022,MIL,240.9,41.8,89.4,46.8,14.1,38.4,36.6,17.8,22.9,77.6,10.2,36.5,46.7,23.9,7.6,4.0,12.7,18.2,115.5,16.8,82
2022,MIN,241.2,41.6,91.0,45.7,14.8,41.3,35.8,18.0,23.1,77.8,11.2,32.9,44.2,25.7,8.8,5.6,13.7,21.8,115.9,13.2,82
2022,NOP,240.9,40.2,88.0,45.7,10.6,32.1,33.2,18.3,23.2,78.9,12.0,33.2,45.2,25.0,8.3,4.0,13.3,19.7,109.3,-4.9,82
2022,NYK,241.2,37.7,86.2,43.7,13.2,36.9,35.7,18.0,24.1,74.4,11.5,34.6,46.1,21.9,7.0,4.9,12.4,20.4,106.5,-0.6,82
2022,OKC,241.5,38.3,89.1,43.0,12.1,37.4,32.3,15.0,19.9,75.6,10.4,35.2,45.6,22.2,7.6,4.6,13.3,18.3,103.7,-40.5,82
2022,ORL,241.2,38.3,88.3,43.4,12.2,36.9,33.1,15.5,19.7,78.7,9.1,35.2,44.3,23.7,6.8,4.5,13.8,19.7,104.2,-40.0,82
2022,PHI,241.5,39.4,84.5,46.6,11.6,31.8,36.4,19.6,23.8,82.1,8.5,33.8,42.3,23.7,7.7,5.3,11.7,19.4,109.9,13.0,82
2022,PHX,240.6,43.7,90.1,48.5,11.6,31.9,36.4,15.9,19.9,79.7,9.8,35.5,45.3,27.4,8.6,4.4,12.3,19.9,114.8,37.5,82
2022,POR,240.6,38.5,87.1,44.2,12.7,36.8,34.6,16.4,21.6,76.0,10.4,32.5,42.9,22.9,8.0,4.5,13.7,21.1,106.2,-44.4,82
2022,SAC,241.5,40.5,88.1,46.0,11.4,33.2,34.4,17.9,23.3,76.8,9.6,33.4,42.9,23.7,7.2,4.5,13.5,18.9,110.3,-27.3,82
2022,SAS,241.5,43.2,92.7,46.7,11.3,32.0,35.2,15.4,20.4,75.4,11.0,34.3,45.3,27.9,7.6,4.9,12.3,18.1,113.2,0.6,82
2022,TOR,242.1,40.6,91.3,44.5,11.9,34.2,34.9,16.2,21.3,75.9,13.4,32.0,45.3,22.1,9.0,4.6,11.6,19.6,109.4,11.5,82
2022,UTA,240.6,40.6,86.2,47.1,14.5,40.3,36.0,17.9,23.4,76.7,10.8,35.6,46.3,22.4,7.2,4.9,13.2,18.9,113.6,30.2,82
2022,WAS,241.8,40.6,86.0,47.2,10.5,30.6,34.2,17.0,21.7,78.3,9.0,34.1,43.1,25.0,6.4,5.0,12.6,18.8,108.6,-16.9,82
2023,ATL,242.1,44.6,92.4,48.3,10.8,30.5,35.2,18.5,22.6,81.8,11.2,33.2,44.4,25.0,7.1,4.9,12.4,18.8,118.4,1.5,82
2023,BKN,240.6,41.5,85.1,48.7,12.8,33.8,37.8,17.7,22.1,80.0,8.2,32.3,40.5,25.5,7.1,6.2,12.9,21.1,113.4,4.3,82
2023,BOS,243.7,42.2,88.8,47.5,16.0,42.6,37.7,17.5,21.6,81.2,9.7,35.6,45.3,26.7,6.4,5.2,12.7,18.8,117.9,32.6,82
2023,CHA,241.8,41.3,90.4,45.7,10.7,32.5,33.0,17.6,23.6,74.9,11.0,33.5,44.5,25.1,7.7,5.2,13.7,20.3,111.0,-31.2,82
2023,CHI,242.7,42.5,86.8,49.0,10.4,28.9,36.1,17.6,21.8,80.9,8.5,33.9,42.4,24.5,7.9,4.5,12.7,18.9,113.1,6.5,82
2023,CLE,242.4,41.6,85.2,48.8,11.6,31.6,36.7,17.5,22.5,78.0,9.7,31.4,41.1,24.9,7.1,4.7,12.4,19.0,112.3,26.9,82
2023,DAL,243.1,40.0,84.3,47.5,15.2,41.0,37.1,19.0,25.1,75.5,7.6,31.2,38.8,22.9,6.3,3.7,11.7,20.7,114.2,0.4,82
2023,DEN,240.9,43.6,86.4,50.4,11.8,31.2,37.9,16.8,22.4,75.1,10.1,32.9,43.0,28.9,7.5,4.5,13.8,18.6,115.8,16.6,82
2023,DET,241.5,39.6,87.1,45.4,11.4,32.4,35.1,19.8,25.7,77.1,11.2,31.3,42.4,23.0,7.0,3.8,14.5,22.1,110.3,-41.1,82
2023,GSW,241.8,43.1,90.2,47.9,16.6,43.2,38.5,16.0,20.2,79.4,10.5,34.1,44.6,29.8,7.2,4.0,15.7,21.4,118.9,9.0,82
2023,HOU,240.9,40.6,88.9,45.7,10.4,31.9,32.7,19.1,25.3,75.4,13.4,32.9,46.3,22.4,7.3,4.6,15.5,20.5,110.7,-39.3,82
2023,IND,240.9,42.0,89.6,46.9,13.6,37.0,36.7,18.7,23.7,79.0,10.1,31.4,41.5,27.0,7.7,5.8,14.1,21.2,116.3,-15.9,82
2023,LAC,241.8,41.1,86.1,47.7,12.7,33.3,38.1,18.7,23.9,78.1,9.8,33.4,43.2,23.9,7.1,4.4,13.5,19.5,113.6,2.5,82
2023,LAL,242.4,42.9,89.0,48.2,10.8,31.2,34.6,20.6,26.6,77.5,10.0,35.7,45.7,25.3,6.4,4.6,13.5,17.9,117.2,2.9,82
2023,MEM,241.2,43.7,92.1,47.5,12.0,34.2,35.1,17.5,23.8,73.3,12.0,34.6,46.6,26.0,8.3,5.8,12.9,20.0,116.9,19.7,82
2023,MIA,241.5,39.2,85.3,46.0,12.0,34.8,34.4,19.1,23.0,83.1,9.7,30.9,40.6,23.8,8.0,3.0,12.8,18.5,109.5,-1.6,82
2023,MIL,241.8,42.7,90.4,47.3,14.8,40.3,36.8,16.6,22.4,74.3,11.1,37.5,48.6,25.8,6.4,4.9,13.9,18.0,116.9,18.2,82
2023,MIN,241.8,42.9,87.4,49.0,12.2,33.3,36.5,17.9,23.7,75.5,9.1,32.8,41.9,26.2,8.0,5.4,14.8,21.6,115.8,-0.2,82
2023,NOP,242.1,42.0,87.6,48.0,11.0,30.1,36.4,19.3,24.4,79.2,10.6,33.1,43.7,25.9,8.3,4.1,14.0,20.5,114.4,9.5,82
2023,NYK,243.4,42.0,89.4,47.0,12.6,35.7,35.4,19.4,25.5,76.1,12.6,34.0,46.6,22.9,6.4,4.1,12.0,20.3,116.0,14.6,82
2023,OKC,242.1,43.1,92.6,46.5,12.1,34.1,35.6,19.2,23.7,80.9,11.4,32.3,43.7,24.4,8.2,4.2,12.5,21.0,117.5,5.4,82
2023,ORL,241.2,40.5,86.3,47.0,10.8,31.1,34.6,19.6,25.0,78.4,10.2,33.1,43.2,23.2,7.4,4.7,14.4,20.1,111.4,-12.8,82
2023,PHI,242.4,40.8,83.8,48.7,12.6,32.6,38.7,21.0,25.1,83.5,8.7,32.2,40.9,25.2,7.7,4.7,12.8,20.4,115.2,21.6,82
2023,PHX,241.2,42.1,90.1,46.7,12.2,32.6,37.4,17.2,21.7,79.3,11.8,32.4,44.2,27.3,7.1,5.3,12.9,21.2,113.6,10.4,82
2023,POR,240.6,40.5,85.4,47.4,12.9,35.3,36.5,19.6,24.6,79.6,9.4,31.1,40.5,24.2,6.7,4.6,13.7,20.0,113.4,-20.1,82
2023,SAC,241.8,43.6,88.2,49.4,13.8,37.3,36.9,19.8,25.1,79.0,9.5,32.9,42.5,27.3,7.0,3.4,13.1,19.7,120.7,13.2,82
2023,SAS,242.1,43.1,92.6,46.5,11.1,32.2,34.5,15.8,21.2,74.3,11.8,31.9,43.7,27.2,7.0,3.9,14.7,19.9,113.0,-50.2,82
2023,TOR,241.5,41.9,91.3,45.9,10.7,32.0,33.5,18.4,23.4,78.4,12.7,30.3,43.0,23.9,9.4,5.2,11.2,20.0,112.9,7.4,82
2023,UTA,241.5,42.5,89.8,47.3,13.3,37.8,35.3,18.7,23.8,78.6,11.8,34.1,45.9,26.0,6.1,5.2,14.9,20.5,117.1,-4.7,82
2023,WAS,240.9,42.1,86.9,48.5,11.3,31.7,35.6,17.6,22.4,78.5,9.4,34.2,43.6,25.4,6.8,5.2,13.3,18.8,113.2,-6.0,82
2024,ATL,242.1,43.0,92.5,46.5,13.7,37.7,36.4,18.5,23.2,79.7,12.5,32.2,44.7,26.6,7.5,4.5,12.8,18.6,118.3,-10.9,82
2024,BKN,241.5,40.7,89.1,45.6,13.3,36.7,36.2,15.8,20.9,75.6,11.4,32.6,44.1,25.6,6.8,5.2,12.3,18.5,110.4,-14.5,82
2024,BOS,241.8,43.9,90.2,48.7,16.5,42.5,38.8,16.3,20.2,80.7,10.7,35.6,46.3,26.9,6.8,6.6,11.3,16.2,120.6,56.7,82
2024,CHA,240.6,40.0,87.0,46.0,12.1,34.0,35.5,14.5,18.4,78.6,9.3,31.0,40.3,24.8,6.9,4.5,13.0,18.0,106.6,-51.2,82
2024,CHI,243.7,42.0,89.5,47.0,11.5,32.1,35.8,16.7,21.1,79.1,11.2,32.6,43.8,25.0,7.8,4.8,11.7,18.8,112.3,-7.2,82
2024,CLE,241.5,41.8,87.2,47.9,13.5,36.8,36.7,15.6,20.4,76.5,9.9,33.4,43.3,28.0,7.4,4.6,12.7,17.5,112.6,12.1,82
2024,DAL,240.3,43.1,89.7,48.1,14.6,39.5,36.9,17.0,22.5,75.8,9.7,33.2,42.9,25.7,6.9,5.0,12.1,18.3,117.9,11.0,82
2024,DEN,240.3,44.0,88.8,49.6,11.7,31.2,37.4,15.1,19.9,76.2,10.7,33.7,44.4,29.5,7.1,5.6,11.8,18.2,114.9,26.3,82
2024,DET,240.9,40.9,88.2,46.3,11.0,31.7,34.8,17.0,21.7,78.5,10.5,32.8,43.3,25.5,6.5,4.7,14.6,20.6,109.9,-45.5,82
2024,GSW,241.8,43.7,91.6,47.7,14.8,38.9,38.0,15.6,20.0,78.0,12.1,34.6,46.7,29.3,7.0,4.6,13.7,19.5,117.8,13.0,82
2024,HOU,242.1,41.8,91.0,45.9,12.7,36.1,35.2,18.1,23.4,77.3,11.5,34.0,45.5,24.8,7.8,4.6,12.2,20.8,114.3,5.6,82
2024,IND,240.3,47.0,92.7,50.7,13.2,35.3,37.4,16.1,20.5,78.2,10.1,31.4,41.5,30.8,7.7,5.9,12.3,21.4,123.3,15.2,82
2024,LAC,240.3,42.4,86.7,48.9,12.6,33.2,38.1,18.3,22.2,82.5,10.0,32.9,43.0,25.6,7.8,5.0,12.2,18.5,115.6,16.4,82
2024,LAL,242.1,43.7,87.5,49.9,11.8,31.4,37.7,18.9,24.2,78.2,8.2,34.9,43.1,28.5,7.4,5.5,13.4,15.6,118.0,3.0,82
2024,MEM,241.2,38.4,88.2,43.5,13.1,37.8,34.6,16.0,21.0,76.4,10.9,31.7,42.6,24.7,8.2,6.1,14.2,19.1,105.8,-35.0,82
2024,MIA,240.9,39.8,85.6,46.5,12.5,33.7,37.0,18.0,22.0,81.8,9.3,33.0,42.3,25.8,7.5,3.4,11.8,17.3,110.1,8.8,82
2024,MIL,241.5,43.1,88.5,48.7,14.2,38.1,37.3,18.5,23.9,77.4,9.4,34.8,44.2,26.5,6.8,5.0,12.4,19.2,119.0,13.1,82
2024,MIN,241.5,41.3,85.0,48.5,12.6,32.7,38.7,17.8,22.9,77.7,9.4,34.2,43.6,26.6,7.9,6.1,13.4,18.8,113.0,32.3,82
2024,NOP,240.3,42.5,87.4,48.6,12.5,32.6,38.3,17.6,22.8,77.1,10.4,33.6,44.0,27.0,8.3,4.6,12.4,18.4,115.1,22.1,82
2024,NYK,240.6,41.3,88.7,46.5,13.2,35.8,36.9,17.0,21.8,78.0,12.7,32.5,45.2,24.4,7.5,4.1,12.2,17.6,112.8,22.9,82
2024,OKC,241.5,44.5,89.3,49.9,13.3,34.2,38.9,17.7,21.5,82.5,8.8,33.2,42.0,27.1,8.5,6.6,11.8,18.8,120.1,37.1,82
2024,ORL,241.2,40.5,84.9,47.6,11.0,31.3,35.2,18.5,24.4,75.9,10.5,31.8,42.3,24.7,8.2,5.2,13.8,19.7,110.5,10.1,82
2024,PHI,241.2,41.5,89.4,46.4,12.1,33.3,36.3,19.5,23.6,82.6,11.0,31.9,43.0,24.9,8.5,6.0,11.3,20.3,114.6,15.2,82
2024,PHX,241.2,42.5,86.1,49.3,12.4,32.6,38.2,18.9,23.4,80.8,10.1,33.9,44.1,27.0,7.4,6.0,14.1,18.0,116.2,15.3,82
2024,POR,242.4,39.4,89.7,43.9,11.5,33.2,34.5,16.2,20.5,79.1,12.6,30.1,42.7,23.1,7.6,4.3,14.4,20.2,106.4,-45.1,82
2024,SAC,242.1,43.3,90.9,47.7,14.4,39.3,36.6,15.5,20.9,74.5,10.8,33.2,44.0,28.3,7.6,4.2,12.5,19.9,116.6,8.7,82
2024,SAS,241.8,41.9,90.7,46.2,12.6,36.4,34.7,15.6,20.0,78.2,10.4,33.9,44.2,29.9,7.1,6.3,14.6,17.2,112.1,-32.4,82
2024,TOR,241.5,42.3,89.7,47.1,11.5,33.1,34.7,16.3,21.6,75.6,10.9,31.8,42.7,28.5,7.7,4.7,13.4,18.4,112.4,-32.2,82
2024,UTA,241.5,42.0,89.9,46.7,12.9,36.5,35.4,18.8,22.6,83.0,12.2,33.2,45.5,27.2,6.5,5.6,15.0,18.6,115.7,-24.5,82
2024,WAS,240.6,43.0,91.4,47.0,12.4,35.5,34.8,15.4,20.2,76.4,9.2,31.9,41.1,27.9,7.6,5.1,13.5,20.0,113.7,-46.5,82
